player_id,name,elo,n_played_2018_on
57945,SHI Yu Qi,2258.16,263
72885,Christo POPOV,2135.74,155
64032,Kunlavut VITIDSARN,2124.23,245
25831,Viktor AXELSEN,2115.02,296
91554,Anders ANTONSEN,2084.72,286
73442,Jonatan CHRISTIE,2015.04,294
94580,Alex LANIER,2000.32,95
75787,CHEN Long,1994.76,101
68870,Lakshya SEN,1983.34,209
77042,WENG Hong Yang,1974.89,155
95476,LI Shi Feng,1961.48,202
62063,Kodai NARAOKA,1958.19,228
34810,CHOU Tien Chen,1935.09,398
81561,LEE Zii Jia,1907.72,237
58089,Alwi FARHAN,1891.83,90
89424,Chao SUN,1861.54,21
86672,Yushi TANAKA,1854.39,90
86114,LIN Chun-Yi,1841.03,185
97174,Koki WATANABE,1840.39,177
95516,Tian Yao DONG,1828.44,42
76115,LOH Kean Yew,1825.94,236
89785,Kento MOMOTA,1821.47,182
85394,Kenta NISHIMOTO,1821.1,272
85845,Panitchaphon TEERARATSAKUL,1815.83,63
62855,Rasmus GEMKE,1804.35,203
73591,HU Zhe An,1797.26,43
77427,LU Guang Zu,1795.21,224
57762,SUN Fei Xiang,1779.15,87
82606,Jia Heng TEH,1777.51,117
61628,Toma Junior POPOV,1776.06,184
60321,Moh. Zaki UBAIDILLAH,1774.82,35
69006,Christian ADINATA,1769.41,36
94780,LEE Cheuk Yiu,1765.32,223
65580,JEON Hyeok Jin,1765.13,96
89163,WANG Zheng Xing,1764.0,71
45171,NG Ka Long Angus,1761.42,248
81362,NG Tze Yong,1760.5,81
87029,WANG Po-Wei,1755.61,51
68322,Ayush SHETTY,1748.11,81
95661,Anthony Sinisuka GINTING,1745.83,249
68317,Kiran GEORGE,1743.52,128
87375,WANG Tzu Wei,1736.73,244
91673,LEI Lan Xi,1731.94,98
84838,LEONG Jun Hao,1731.3,130
90735,Yudai OKIMOTO,1726.68,34
65634,Jason GUNAWAN,1723.8,81
77848,CHI Yu Jen,1717.84,133
93627,KIDAMBI Srikanth,1714.28,231
94151,Victor LAI,1705.68,36
71408,Chico  Aura DWI WARDOYO,1701.52,152
83950,PRANNOY H. S.,1699.26,199
92160,Tharun MANNEPALLI,1698.36,67
85095,Nhat NGUYEN,1698.29,141
59322,Chia Hao LEE,1694.11,164
95930,ZHAO Jun Peng,1692.06,136
97345,Xuan Chen ZHU,1691.92,52
62395,Shogo OGAWA,1686.66,40
84764,Yohanes Saut MARCELLYNO,1685.98,58
94397,SU Li  Yang,1682.43,118
92816,LIU Liang,1679.78,30
68392,HOH Justin,1678.34,65
94326,Sanskar SARASWAT,1673.02,12
57823,Kanta TSUNEYAMA,1670.29,162
91204,REN Peng Bo,1668.22,38
50152,LEE Chong Wei,1664.13,13
32654,Xin Yu ZHOU,1663.3,23
59543,Arnaud MERKLE,1657.92,85
50906,LIN Dan,1654.44,82
63122,Brian YANG,1652.88,128
64648,NGUYEN Hai Dang,1652.48,44
86607,JIHOON CHOI,1652.3,34
54431,Jan O JORGENSEN,1647.44,64
89595,Geon Yeop CHO,1646.71,40
81208,Rounak CHOUHAN,1644.33,13
58903,WANG Zi Jun,1643.36,29
54513,Tanongsak SAENSOMBOONSUK,1641.28,67
97030,Magnus JOHANNESEN,1640.78,83
89690,Saran JAMSRI,1637.37,31
79110,Sholeh AIDIL,1635.72,79
68697,GAO Zheng Ze,1632.18,10
89796,LIU Yu Xuan,1631.87,28
97959,LIU Hai Chao,1630.09,31
81887,Shesar Hiren RHUSTAVITO,1628.75,137
69712,Alvi Wijaya CHAIRULLAH,1628.65,19
59614,Prahdiska Bagas SHUJIWO,1627.62,24
62720,Mithun MANJUNATH,1624.34,112
80062,Minoru KOGA,1622.96,32
54346,SON Wan Ho,1618.59,84
90218,Muhamad YUSUF,1618.18,9
70730,Yusuke ONODERA,1616.32,10
61797,Firman Abdul KHOLIK,1616.15,42
64081,LIAO Jhuo-Fu,1614.31,61
76185,Hashiru SHIMONO,1612.52,13
71261,HUANG Yu Xiang,1612.26,61
87117,SOONG Joo Ven,1610.89,109
79164,Sathish Kumar KARUNAKARAN,1609.14,64
83096,Dendi TRIANSYAH,1608.52,10
90657,Ikhsan Leonardo Imanuel RUMBAY,1607.52,44
99466,Riki TAKEI,1607.11,16
68647,Krishna Adi NUGRAHA,1606.25,24
93848,Keisuke FUJIWARA,1605.7,11
99672,Dong Hun KIM,1604.81,41
50427,Sony Dwi KUNCORO,1604.1,31
88276,Bismo Raya OKTORA,1603.36,17
69093,Priyanshu RAJAWAT,1600.17,92
58640,Vicky Angga SAPUTRA,1599.59,25
77003,Sameer VERMA,1596.66,133
63973,WU Kai An,1595.09,9
52983,HSUEH Hsuan Yi,1591.7,16
89726,Ka To LAM,1591.14,5
90130,Ditlev Jaeger HOLM,1589.35,20
92655,Kalle KOLJONEN,1588.93,85
99172,PARK Sang Yong,1588.15,14
87450,Zhe Ying WU,1587.63,12
99280,Wisnu Yuli PRASETYO,1586.31,6
76994,CHEN Chi Ting,1585.54,31
96262,Bagas Kristianto NUGROHO,1584.63,11
76973,Mark CALJOUW,1583.54,120
31871,Iskandar ZULKARNAIN,1582.65,38
64306,CHENG Kai,1582.17,28
55920,HUANG Ping-Hsien,1580.77,43
62018,Riku HATANO,1580.42,50
98462,HUANG Yu,1579.8,18
86230,Koo TAKAHASHI,1578.84,73
97115,Tae Bin YOO,1575.46,16
82372,KOK Jing Hong,1575.3,51
91665,LIN Yu Hsien,1575.24,49
63097,Hae Deun KIM,1575.16,9
84479,Lokesh Reddy KALAGOTLA,1572.77,10
82483,Saneeth DAYANAND,1572.33,41
78828,QIAO Bin,1571.67,10
58913,Min Seon JEONG,1570.16,18
64933,LEE Dong Keun,1570.02,59
85563,Joakim OLDORFF,1567.86,36
91814,S.Sankar Muthusamy SUBRAMANIAN,1566.96,85
45868,Yi Fan ZENG,1566.81,7
77098,Philip Illum KLINDT,1564.45,5
98831,LIU Ze Qing,1563.78,10
79047,Iqbal Diaz SYAHPUTRA,1563.36,11
93878,Sergey SIRANT,1562.46,34
74076,Takuma OBAYASHI,1561.1,93
86521,TING Yen-Chen,1560.48,28
55351,Ajay JAYARAM,1560.39,54
75014,Eogene EWE,1559.5,35
75763,Johnnie TORJUSSEN,1559.12,11
74330,BAI Yu Peng,1558.57,15
52864,LIEW Daren,1557.68,108
92796,CHEAM June Wei,1556.94,147
82572,Pranay SHETTIGAR,1556.39,11
98979,Byung Jae KIM,1556.29,16
86755,Numair SHAIK,1556.19,7
53944,PARUPALLI Kashyap,1555.81,99
61799,Riichi TAKESHITA,1555.29,21
51613,Rajiv OUSEPH,1554.95,33
86283,Hyeon Woo CHO,1554.79,4
74644,Jovi MIKHAEL,1553.27,5
93602,ZHANG Wei Yi,1552.01,7
57527,NG Jun Yan,1549.65,4
66990,Dionysius Hayom RUMBAKA,1548.0,2
70383,Shahyar SHAQEEM,1547.9,13
44017,Ju-Sheng CHENG,1547.31,4
88480,ZHANG Ning,1546.54,4
68669,KARUPATHEVAN Jhotiswaran,1546.34,2
73534,GOH Giap Chin,1546.17,11
11704,LEE Hyun Il,1545.04,27
57924,CHAN Yin Chak,1544.64,72
60130,David JONES,1543.89,4
55838,Remi ROSSI,1543.16,4
65705,Riyanto SUBAGJA,1542.78,6
88705,Asher Jing Jie OOI,1542.41,5
86975,Rithvik Sanjeevi SATISH KUMAR,1542.0,44
85350,Koji NAITO,1541.99,6
69159,TAN Jia Wei,1541.89,20
96690,Leo ROSSI,1541.55,5
81297,Rio AGUSTINO,1541.55,3
61868,YU Sheng Po,1540.72,15
62286,Joran KWEEKEL,1540.36,27
74160,ZHAO Chen Xun,1540.33,6
86149,Fikri Ihsandi HADMADI,1539.69,8
59077,KUO Kuan Lin,1539.0,66
83883,Daigo TANIOKA,1538.93,4
92508,Kantaphon WANGCHAROEN,1536.86,209
84907,Usman AWAN,1536.11,8
87785,YANG Pei Yi,1535.92,10
67900,Tushar SUVEER,1535.62,13
57963,CHOI Pyeong Gang,1534.4,8
64179,Yu IGARASHI,1534.33,41
91651,Meiraba Luwang MAISNAM,1534.02,56
83581,Yanis GAUDIN,1532.4,5
66842,Manav CHOUDHARY,1531.92,14
89156,Syabda Perkasa BELAWA,1531.49,7
13548,Hao Da LIU,1531.17,3
78400,Keita MAKINO,1531.06,8
56887,Muhammad Aldo APRIYANDI,1530.97,5
72327,CHANG Ching-Sheng,1529.76,3
53753,Hans-Kristian Solberg VITTINGHUS,1528.13,101
98572,Athul JOHN MATHEW,1528.09,3
60744,Varot URAIWONG,1528.05,5
94972,Samarveer SAMARVEER,1525.84,3
87598,CHIANG Tzu Chieh,1525.67,3
65936,Xavier LAPERRIERE,1525.67,3
89050,Runze YAN,1525.47,3
82670,Kaushal DHARMAMER,1525.29,15
86723,Ming Hong LIM,1525.18,15
66249,Abhishek KANAPALA,1524.48,3
57758,Jewel Angelo ALBO,1524.07,3
99888,WOON Kok Hong,1524.0,3
91347,BHARGAV SOMASUNDARA,1523.15,13
81906,Takuma KAWAMOTO,1522.96,5
95824,Tanmoy Bikash BORUAH,1522.94,3
75283,Zhen Yi ONG,1522.65,34
59887,AU Wei Shan,1522.61,3
67527,Xu Jun CHEN,1522.61,3
44932,Lukas ZEVL,1522.58,3
68401,CHU Chen Jia,1522.46,7
69659,Ryotaro MARUO,1522.42,9
51123,LAU Jun Hui Marcus,1522.34,1
68039,Jayden LIM,1522.14,3
69194,Joshua HURLBURT-YU,1521.75,3
73799,ZHU Tian Shun,1521.47,3
85771,Abdul Kadir ZAILANI,1521.15,5
65622,Aaron SONNENSCHEIN,1520.97,2
79686,LEE Yun Gyu,1520.96,31
86137,CHEN Shiau Cheng,1520.92,5
59956,Thomas FOURCADE,1520.79,3
56643,Sai Prasad TEEGALA,1520.71,3
77614,Cheng-Han TSAI,1520.15,13
70399,Julien CARRAGGI,1520.1,65
59658,Karono KARONO,1519.1,6
93370,Balraj KAJLA,1518.8,5
86501,Arintap DAS GUPTA,1518.63,5
62442,Muhammad Rehan DIAZ,1518.53,3
75260,Tukum LAA,1517.85,5
68718,HEO Kwang Hee,1516.7,100
75163,HUANG Guoxing,1515.93,7
87934,Muhammad FEBRIANSYAH,1515.83,7
89808,Richie Duta RICHARDO,1515.57,8
73950,Md Tah M ZIYAD,1514.87,6
68139,Siril VERMA,1514.54,24
70374,Isna Sakti Maulana MUSTAQIM,1514.46,3
98859,Abhishek SAINI,1514.14,14
61504,Wei-Cheng SU,1513.36,6
66257,Erfan Majeed HAJIBEIGY,1512.65,4
78209,Kartik JINDAL,1512.54,12
95307,Alberto Alvin YULIANTO,1512.13,6
76106,SOO Teck Zhi,1512.11,23
58873,Rafael GAVOIS,1511.55,2
58314,Ansh VISHAL GUPTA,1510.53,7
29449,Khosit PHETPRADAB,1509.75,73
60240,A R Rohan Kumar ANANDAS RAJ KUMAR,1509.73,6
64561,Nathan TANG,1509.44,10
95654,Rhitvik MOHANTY,1509.41,3
74598,LEE Seung Hoon,1509.27,2
91853,ONG Ken Yon,1509.22,15
81329,Quoc Khanh TRAN,1509.06,5
67825,LOW Eu Cong,1508.52,3
92698,KIM Joo Wan,1508.38,4
90551,Handoko Yusuf WIJAYANTO,1508.19,4
79109,Alex LANE,1508.14,12
66010,SIDDHARTHA MISHRA,1508.07,8
94727,HOOI Shao Herng,1507.93,2
32722,GURUSAIDUTT R. M. V.,1507.89,25
14587,Tommy SUGIARTO,1507.6,113
88148,Daniel S. Farid,1507.59,2
67660,Andi Fadel MUHAMMAD,1507.52,2
87274,Nathan APPAVE,1507.02,2
64890,Jie Ying CHAN,1506.43,8
73954,Dai WATANABE,1506.39,2
89506,Lucas CLAERBOUT,1505.98,79
85118,Enogat ROY,1505.78,19
76817,LU Wei Hsuan,1505.76,9
25925,Sourabh VERMA,1505.64,73
69967,Manraj SINGH,1505.36,19
60722,Tien Tuan NGUYEN,1505.16,6
67096,SHIH Kuei Chun,1504.69,10
76332,Eshwar SUKUMAR,1504.34,2
52030,CHONG Wei Feng,1504.17,33
75079,Yonathan RAMLIE,1503.79,4
57236,Chung-Hsiang YIH,1503.09,9
65788,Koshiro MORIGUCHI,1502.91,2
54484,Eetu HEINO,1502.85,26
95934,Yosei YAMAGUCHI,1502.5,2
82836,Andy Yew Tung KOK,1502.32,4
69756,Shota OMOTO,1502.25,6
88856,Iikka HEINO,1502.19,9
70442,Daniel NIKOLOV,1502.16,9
59490,CHEN Shao-Hsuan,1502.13,2
64507,Maksim MAKALOV,1502.09,4
55836,SHIH Kuan-Chih,1501.86,4
58726,Mateja MANIC,1501.68,2
85790,YANG Chih Chieh,1501.65,33
99186,Georgii KARPOV,1501.63,2
56106,Yang SHEN,1501.5,2
85472,Harsheel DANI,1501.47,19
58518,Lauhit POKURI,1501.41,4
57367,Seyed Mohammad Hossein VAKILI,1501.35,4
81430,Tegar SULISTIO,1501.33,7
54998,Sathwik Reddy KANAPURAM,1501.29,2
72896,Mayank AHUJA,1501.25,2
62615,LEE Shun Yang,1500.82,13
68316,TAN Jia Jie,1500.78,39
59555,Dmitrii KLIMENKO,1500.64,2
29363,Joel TAN,1500.6,2
84591,Tonkid SAEHENG,1500.59,2
78781,Alden Lefilson Putra MAINAKY,1500.13,2
72503,HSU Yu-Han,1500.08,8
28915,Michael TAM,1500.0,2
48032,Chien Hsun CHO,1500.0,2
58493,Kevin LEE,1500.0,2
61771,Mark BRADY,1500.0,2
63728,Herdian Muhamad LABIB,1500.0,2
66597,Philipp DISCHER,1500.0,2
70388,Mek NARONGRIT,1500.0,2
71084,Jorgen ROSENLUND,1500.0,2
76496,Romain FRANK,1500.0,2
76977,Ramnish KUMAR,1500.0,2
81171,N. V. S. Vijetha,1500.0,4
86300,Diviana Arya Ramanda PUTRA,1500.0,2
9473,Ferry KURNIAWAN,1500.0,2
97114,LAI Yu-Hua,1500.0,2
87890,Yunzhi CHEN,1499.82,2
56243,CHANG Shih-Chieh,1499.74,5
65764,PAN Yin Long,1499.69,2
72513,Kelvin CHONG,1499.55,2
66638,Adam JESLIN,1499.31,2
97624,Patrick ZBINDEN,1499.03,2
58963,Sitthikom THAMMASIN,1498.86,109
70028,Christopher GRIMLEY,1498.8,2
85687,Shikhar RALLAN,1498.66,2
53351,Cheng Yu CHEN,1498.66,2
54897,Kevin CORDON,1498.65,26
94408,Naohiro MATSUKAWA,1498.58,2
80839,TAN Rui Yang Ryan,1498.56,2
82509,Sai Vishnu PULLELA,1498.46,2
70845,Toma NODA,1498.38,2
63676,Kartikay TYAGI,1498.34,2
63723,Phillips JAP,1498.34,2
64613,Adisak PRASERTPHETMANEE,1498.34,2
72240,Vladimir SHIPILENKO,1498.34,2
73002,Ilya KAMYSHENKOV,1498.34,2
73141,Aakash RAVIKUMAR,1498.34,2
77460,Hoang Kha TRAN,1498.34,2
84460,Muhammad Farhan ANANTO,1498.34,2
93347,Datu Mohd Saffuan Nizam SARDIK,1498.34,4
94680,Kevin SHI,1498.34,2
73930,Yash YOGI,1498.34,2
63081,Muhammed Ali KURT,1498.13,2
74289,Simon WANG,1497.57,4
86121,Yu SEE,1497.34,4
73886,Aryamann TANDON,1497.25,26
81860,Rasmus MESSERSCHMIDT,1497.04,11
79695,CHONG Yee Han,1496.89,9
75657,Grégoire DESCHAMP,1496.89,2
91894,Aria DINATA,1496.81,3
96437,Dmitrii RIABOV,1496.8,2
91073,Kittipong IMNARK,1496.8,4
61743,Alvaro VAZQUEZ,1496.73,6
57083,Vega Vio NIRWANDA,1496.69,2
55450,Oriol ALTIMIRA,1496.56,2
75634,Manuel VAZQUEZ,1496.56,4
80166,Van Mai NGUYEN,1496.49,2
79628,Jonas SCHELLER,1496.4,2
92265,Ankit MALIK,1496.27,2
84541,CHEN Wen Jie,1495.95,2
36869,Tor BOLHERRY,1495.87,2
97264,Tung Jui HSU,1495.73,2
96222,XU Yi Ming,1495.47,2
60632,Christopher KLAUER,1495.46,2
97403,Yann ZACCARIA,1495.42,2
92203,DO Dong Wook,1495.31,2
82952,Anirudh JANARDHANAN,1495.24,4
88194,Datu Mohd Shah Eizlan SARDIK,1495.08,2
98144,Akhmad Raikhan Nur ISWIN,1494.78,2
89416,Lucas CORVEE,1494.7,53
81321,Anson CHEONG,1494.61,2
95512,Pratul JOSHI,1494.51,10
96669,Aljallad AHMAD,1494.38,2
81885,Muhammad Ariffuddin RADIN,1494.34,4
64009,Sarath DUNNA,1494.09,4
83315,Mads THØGERSEN,1493.98,2
93539,Jonathan DOLAN,1493.73,6
98279,Yu-Kai WANG,1493.71,7
59157,YAP Chun Sin,1493.55,2
75511,Anton MENZEL,1493.03,2
60332,David KRAMER,1492.81,2
88249,YUNG King To,1492.8,2
79517,Gustav BJORKLER,1492.8,1
52229,Dinuka KARUNARATNE,1492.39,2
62350,Sergi ALCALA,1492.32,2
52968,Brice LEVERDEZ,1491.83,91
94119,Daniil DUBOVENKO,1491.75,22
72361,Eugene CHAN,1491.69,2
91093,ZHOU Ze Qi,1491.61,47
80886,Bobby SETIABUDI,1491.47,6
80545,Jagadeesh KALAGA,1491.32,2
96974,Bharat RAGHAV,1491.14,23
81573,Nicholas Robert Henson WALLER,1491.0,1
60582,Ephraim STEPHEN SAM,1490.87,5
75876,TAN Yu Xiao,1490.79,2
98325,Pushkal IRUSUMALLA,1490.18,2
71877,Arya BHIVPATHAKI,1490.07,18
57319,Mohammed MUNAWAR,1489.94,12
73490,ONG Tae Ern,1489.77,8
16714,HA Young Woong,1489.64,14
92103,Phuc Thinh PHAN,1489.64,4
96470,Deepak PADMAKUMAR,1489.56,2
95937,OOI Yi Ping,1489.46,4
77846,Cholan KAYAN,1489.45,1
64512,Joonas KORHONEN,1489.09,6
57099,Grimaldy GUNAWAN,1489.01,1
65427,LEE Yen-Yu,1488.51,1
74264,Abhinav THAKUR,1488.4,13
98305,Adrian King-Sun MAR,1488.34,4
87628,Cao Cuong PHAM,1488.25,12
98304,LEI Ci Fu,1488.19,6
94306,Satheishtharan RAMACHANDRAN,1487.87,6
61423,Jan LOUDA,1487.85,38
78890,Ade Resky DWICAHYO,1487.81,52
64119,LEE Jan Jireh,1487.77,12
57543,Miha IVANIČ,1487.71,3
70044,Rohith MARISWAMY,1487.44,5
80800,Pannawit THONGNUAM,1487.21,16
66225,Jelang FAJAR,1487.18,1
98595,HUANG Yu Kai,1486.65,64
79065,Ginpaul SONNA,1486.65,9
85603,CHEN Yen Chun,1486.35,1
70141,Adam DOLMAN,1486.31,1
74154,Ihsan Maulana MUSTOFA,1485.68,44
97943,Luis Ramon GARRIDO,1485.49,2
95952,YEOH Seng Zoe,1485.46,21
98589,Ivan RUSEV,1485.36,9
62305,Gatjra  Piliang  Fiqihilahi CUPU,1485.25,10
87426,Aris KATTIRTZI,1485.13,1
99965,YU Jia Hao,1485.12,3
64812,Jakob GODT,1484.75,1
59936,Aldo Oktaviano PURNOMO,1484.66,3
53381,Michal ROGALSKI,1484.53,9
57297,Fabian ROTH,1484.05,30
70580,Aditya TRIPATHI,1483.93,5
69948,WU Songjian,1483.91,1
94332,Jack YU,1483.6,16
70199,Rowan SCHEURKOGEL,1482.32,1
95425,Bahaedeen Ahmad ALSHANNIK,1482.24,1
83155,Alvaro LEAL,1482.23,1
56702,YE Binghong,1482.0,6
59068,Joshua MAGEE,1481.96,15
59796,Daniel ZHOU,1481.85,1
95341,CHIANG Chien-Wei,1481.82,1
50214,Kenta MATSUMURA,1481.5,1
71797,Dimitar YANAKIEV,1481.46,5
96546,Mochamad Ryan Bintang PRADANA,1481.46,1
63135,Raymond SING,1481.46,1
75440,Rishabh DESHPANDE,1481.41,3
86556,Govind KRISHNA,1481.38,9
80599,Tae Rim KIM,1481.21,1
84815,Max WEISSKIRCHEN,1481.2,45
42435,Zewei XIE,1480.93,7
52364,Osleni GUERRERO,1480.9,1
69037,Bodhi Ratana Teja GOTAMA,1480.9,5
68693,Muh Azahbru KASRA,1480.89,3
66104,Jett KO,1480.87,1
79176,Ahmed NIBAL,1480.81,1
79604,Dicky Dwi PANGESTU,1480.79,8
98750,Sai Charan KOYA,1480.69,5
37669,Steffen RASMUSSEN,1480.68,1
80608,Ratnajit TAMANG,1480.67,1
99954,GU Jun Feng,1480.63,3
76854,KUO Ching-Hung,1480.55,1
61278,Jocelyn DESCHAMP,1480.23,1
58566,Faiz ROZAIN,1480.19,5
77085,Lars SCHAENZLER,1479.6,12
72200,LI Yun Ze,1479.31,3
94891,Thanh Long TRUONG,1479.31,3
60649,Aditya JOSHI,1479.29,1
78856,Muhammad Sultan Nurhabibullah MAYANG,1479.29,1
89511,Zulfadli ZULKIFFLI,1479.29,1
58106,Sugi Sai Bala Singha GOPINATH SINGH,1479.14,3
55919,Hua Chun LIANG,1479.0,1
64155,Zulhelmi ZULKIFFLI,1478.91,1
82986,Mathieu MORNEAU,1478.87,3
77744,Aldy FIRMANDA,1478.84,3
66862,Amit KSHATRIYA,1478.67,1
59960,LEE Suk Chan,1478.6,1
71792,Yan Shu WANG,1478.25,1
59241,Dinh Hoang NGUYEN,1478.02,1
47181,Takuma UEDA,1477.92,8
89587,Le Manh An TRAN,1477.77,3
89223,Miklos KANYASI,1477.76,1
95604,Patrick BJERREGAARD,1477.76,1
83267,Muh. Asqar HARIANTO,1477.73,3
55871,Vladimir NIKULOV,1477.7,3
87877,Moch Fairuzzani Wahbatul BIDA,1477.69,1
88523,Toby PENTY,1477.68,46
64859,Anthony WONG,1477.66,1
64454,Tonni ZHOU,1477.61,1
76101,Muhammad Syafiq Iqbal MOHD NADZRI,1477.6,1
81931,CHEN Ching Wei,1477.55,1
99461,Louis DUCROT,1477.48,1
88633,Amrullo BAKHSHULLAEV,1477.46,3
34170,Fang Keat KOO,1477.36,3
99070,Naoki YAMAZAWA,1477.35,1
94381,Phakorn CHOTPHINIT,1477.34,3
87703,Abhishek KULKARNI,1477.25,1
99895,Edward LAU,1477.24,6
70291,Muhammad Izzuddin SHAMSUL MUZLI,1477.23,1
50387,WU Cheng-En,1477.17,1
44457,Ayush DASH,1477.11,1
58426,Shi Hang (Stephen) LAI,1477.07,1
94106,Praranat PRAPUTTHAM,1476.99,1
88815,KONG Zhou Swin,1476.87,1
83290,Martin BUNDGAARD,1476.6,5
62711,Matthew CARDER,1476.49,1
82757,Mathias SOLGAARD,1476.42,1
61659,Nabin SHRESTHA,1476.34,1
72703,Misbun Ramdan MOHMED MISBUN,1476.32,1
80189,Adnan EBRAHIM,1476.28,3
72672,LIU Shu Min,1476.25,3
17311,Yi MAI,1476.23,1
19694,YIM Jong Woo,1476.2,1
98066,Andrew Peter NEWMAN,1476.19,1
10565,Jan FROHLICH,1476.0,1
17646,Carter WEI,1476.0,1
18705,Jing Yao PANG,1476.0,1
20546,Lee Tao ONG,1476.0,1
23166,Khalifa Saeed ALMAZROUEI,1476.0,1
30409,Jun Cheng YEW,1476.0,1
35889,Chon In TONG,1476.0,1
45113,Mohit SINGH,1476.0,1
50199,PHILLIPE Charron,1476.0,1
53054,WEI Nan,1476.0,3
54667,Bao Duc DUONG,1476.0,1
55335,Andrew ZHUANG,1476.0,1
56428,Ken RICHARDSON,1476.0,1
57182,Kiren Milan DERAJ,1476.0,1
57310,Adwin LAU,1476.0,1
57378,LIU De Wei,1476.0,1
57481,Ansgar KIRSTE,1476.0,1
57708,Farid Pramadita GUNAWAN,1476.0,1
57887,Mikael Dwi PUTRA,1476.0,1
58193,Minh BAO,1476.0,1
60430,Adheep GUPTA,1476.0,1
60676,Alfito Pringgo YUDANTO,1476.0,1
61574,Archangelo OUANO,1476.0,1
61951,Philip MAK,1476.0,1
62262,Sabreeshwaran HARIBASKARAN,1476.0,1
62407,Bo ZHAO,1476.0,1
62597,Mohamed Khalfan ALMAZROUEI,1476.0,1
63148,Vaibhav B.S.,1476.0,1
63643,Paul James SIMANJUNTAK,1476.0,1
63791,Paul OUANO,1476.0,1
64221,Dean Bencha WIJAYA,1476.0,1
65710,Maxime TÉTREAULT,1476.0,1
65723,Alex VLAAR,1476.0,3
65857,Chongo Ezra MULENGA,1476.0,1
66665,Balakrishnan PIRAVIN,1476.0,1
66753,Rushendra THIRUPATHI,1476.0,1
66798,Dinh Manh TRAN,1476.0,1
67273,Mohamed Salim ALMAZROUEI,1476.0,1
67978,WANG Zheng Xing,1476.0,1
68099,suntana SUNTANA,1476.0,1
68652,David PENG,1476.0,1
69349,LI Bingyuan,1476.0,1
69685,Zach RUSS,1476.0,1
69875,Mads Juel MØLLER,1476.0,1
69953,Rezha Akbar Raja HUSAIN,1476.0,1
70317,Vaibhav JADHAV,1476.0,1
71031,ZEZHOU Zhong,1476.0,1
71340,Emmanuel STEPHEN SAM,1476.0,1
72114,Astitva KALE,1476.0,1
72383,LIU Run Jie,1476.0,1
72936,Ameya OAK,1476.0,1
73816,Muhammad Akhdan WIDJANARKO,1476.0,1
74437,PENG Jia Qi,1476.0,1
74457,Shinsai DESLAURIERS,1476.0,1
76256,Luke PEARCE,1476.0,1
76398,Brent GUO,1476.0,1
76886,Innocenzo SANTORO,1476.0,1
76991,Masashi NISHINO,1476.0,1
77075,Shwi Ching Mong MARMA,1476.0,1
78228,CHUNG Chen Chien,1476.0,1
78430,Dimitri HAN,1476.0,1
78485,Ben TORRANCE,1476.0,1
78508,KANG Hyung Seok,1476.0,1
79390,"LAU Yu Ming, Adam",1476.0,1
80173,Vincent Cheng Wei PHUAH,1476.0,1
80828,Rayane GALLEN,1476.0,1
81108,YE Hong Wei,1476.0,1
81112,Mansour Yousif ALMAZROUEI,1476.0,1
81338,Allen FANG,1476.0,1
81560,Abheesh SATHEERTHAN,1476.0,1
83068,Chieh LIN,1476.0,1
84242,Manish GUPTA,1476.0,1
84634,Dimas SETIAWAN,1476.0,1
85212,Yu Liang CHANG,1476.0,1
86155,Abdul Karim HIDAYAT,1476.0,1
88316,Jofre COMELLA,1476.0,1
88516,Tobias MUND,1476.0,1
88592,Galih Prasetyo UTOMO,1476.0,1
88594,M. Enrico Giralda HARSARI,1476.0,1
88608,Anthony NGUYEN,1476.0,1
88947,Nikhit LAXMAN,1476.0,1
89070,Karan CHOUDHARY,1476.0,1
89124,Marc LAPORTE,1476.0,1
89280,Roman RAZAKI,1476.0,1
90072,Alex MARRITT,1476.0,1
91154,Saharsh MOHAN,1476.0,1
91864,Trung Tin TRAN,1476.0,1
91901,Adam LAM,1476.0,1
91964,Gabriel MA,1476.0,1
92244,Thien Loc NGUYEN,1476.0,1
92308,SUN Wen Duo,1476.0,1
92354,Auditya Alpha HIDAYAT,1476.0,1
92801,Seung Hoon WOO,1476.0,1
93008,Yash SHAH,1476.0,1
93294,Hai Dang VU,1476.0,1
93924,Shubh KRISHAN,1476.0,1
95021,Charan Naik KELAVATHU,1476.0,1
95556,Sachin RAWAT,1476.0,1
95760,Viet Khang NGUYEN,1476.0,1
95957,Denish GANESHA,1476.0,1
96600,Bilal EL HARAB,1476.0,1
96628,Felix KRUCHTEN,1476.0,1
97497,Ajay Satish Kumar NAIR,1476.0,1
97974,Venkata Uneeth Krishna BHIMAVARAPU,1476.0,1
98198,Connor LOUIE,1476.0,1
99465,Rishabh KALIDASAN,1476.0,1
89682,Fong Hau SIM,1475.75,1
67543,Anton DERBENEV,1475.72,1
92846,Muhammad FAIQ,1475.55,5
92555,Felix HAMMES,1475.46,1
81034,Kuswanto KUSWANTO,1475.37,1
58912,Harshit THAKUR,1475.3,1
84817,Kreetik KREETIK,1475.21,1
58460,Sayed Ebrahim HASAN,1475.11,1
69279,Shaurya MADAAN,1475.07,1
96613,Artem SERPIONOV,1474.95,3
79116,Ryan RANKIN,1474.74,1
63117,Nikita FEDOTOVSKIKH,1474.72,1
92119,Surya Kiran Reddy DUNDI,1474.68,1
83016,Leon SEIWALD,1474.67,1
86637,Worapat SURAKKHAKA,1474.6,1
80147,Sahil SIPANI,1474.57,1
58631,Joel KÖNIG,1474.54,7
93047,De Jun Jackie TAN,1474.54,1
72674,Oscar GUO,1474.53,1
90017,LIEW Wen Jie,1474.49,1
65188,CAO Yufeng,1474.46,3
55715,Enzi SHAFIRA,1474.46,1
45168,Oeij SEAN,1474.45,1
87858,Chacharit YAOWANIT,1474.43,1
48485,Cheuk Hei LAU,1474.34,1
56540,TIAN Yi Chuan,1474.34,1
59201,Muhammad Hafid HENDARTO,1474.34,1
59650,Christopher KAN,1474.34,1
61562,Steven HE,1474.34,1
65191,Daniel Hardiana OCTAVIANUS,1474.34,1
66041,Finn ACHTHOVEN,1474.34,1
71024,Pranav SRIKANTH,1474.34,1
79216,WANG Deng Xian,1474.34,1
80551,Aaron Sangga WIJAYA,1474.34,1
89736,Alexis CHOLLET,1474.34,1
96385,Julian EDHOFER,1474.34,1
98582,Novian Harya PRATAMA,1474.34,1
70732,Riyan MALHAN,1474.34,1
63140,Iliyan STOYNOV,1474.33,1
65554,Krzysztof JAKOWCZUK,1474.28,1
72589,Chi Ming WONG,1474.24,1
99357,"LAU Yu Leong, Alfred",1474.24,1
85213,Ciar PRINGLE,1474.23,1
81445,Jack MACGREGOR,1474.22,1
63076,ROHAN GURBANI,1474.22,1
85548,Aman KUMAR,1474.15,1
66449,WU Chang Min,1474.0,1
67508,Talar LAA,1473.99,3
99685,Driss BOURROUM,1473.98,1
48202,Nick FRANSMAN,1473.96,3
78625,Xing Huong GOH,1473.86,1
78198,Soren OPTI,1473.75,2
82936,Surasit ARIYABARANEEKUL,1473.66,3
65081,Kanishq M,1473.56,1
85956,Panji Ahmad MAULANA,1473.38,25
74420,Pranav Rao GANDHAM,1473.32,3
99908,Ethan ROSE,1473.22,8
78891,Nicolas A. MUELLER,1473.16,1
77644,Nhat Hoang DINH,1473.11,1
59758,LEUNG Ka Yau,1473.04,1
92758,Namboun LUANGAMATH,1473.01,1
57793,Lukas RESCH,1473.01,1
84220,Irvin Arokia WALTER,1472.99,3
68262,Amaury LIEVRE,1472.96,1
93670,Carlos PIRIS,1472.91,1
38804,Hong Wei TAN,1472.9,1
58125,Peter YAN,1472.89,4
56411,Mike VALLENTHINI,1472.88,1
74534,Yu Cheng CHEN,1472.84,1
83568,Andy TSAI,1472.84,1
83151,Maxime LEVEQUE,1472.82,1
52290,Valeriy ATRASHCHENKOV,1472.76,7
88617,Gabriel Evan SANTOSO,1472.73,1
93331,HU Chuan-En,1472.71,1
91325,Billy LI,1472.69,1
81003,Darren Gerrard TANNINOVICH,1472.69,1
58679,Graydon ROBB,1472.67,1
54439,Dmytro ZAVADSKY,1472.65,3
93939,BERNAT AMAYA,1472.6,1
55024,Kalombo MULENGA,1471.84,1
82490,LAU Kee Liang,1471.82,1
71843,Joshua NGUYEN,1471.54,1
95523,Aditya DIWAKAR,1471.49,3
83265,Ricky TANG,1471.49,13
57322,Kian-Yu OEI,1471.44,3
76425,Shawn HIU,1471.43,4
80203,David KIM,1471.28,5
87688,Orijit CHALIHA,1471.24,22
79377,Christopher WEIBE,1471.23,1
66522,Simon BARON-VEZILIER,1471.2,1
61059,Satinder MALIK,1471.1,1
92791,Yusei BABA,1471.04,1
41513,Wen Zhuo KONG,1471.03,1
81106,Ansal YADAV,1470.83,17
67066,Anton IVANOV,1470.76,1
79814,Aashinsa HERATH,1470.75,5
52250,Zvonimir DURKINJAK,1470.64,13
81656,Rajesh SRIKAR,1470.51,6
77437,Muhammad Bayu PANGISTHU,1470.31,4
84126,Dev VISHNU,1470.22,3
73455,Anirv Reddy CHAMAKURA,1470.15,1
57541,Nasser ALNAKKAS,1470.08,1
79256,Imran WADIA,1470.04,7
85411,Hsin Tse TU,1469.85,4
70824,Ravi RAVI,1469.81,24
27756,Vinh Quang HO NGUYEN,1469.81,3
38566,Guanchao CHEN,1469.76,1
87312,CHANG En Chia,1469.67,9
71959,KUO Li-Chun,1469.58,9
89132,Niklas KRAMER,1469.47,1
80117,Ivan VALENZUELA,1469.44,1
85177,Luka MILIC,1469.39,1
57406,Brian HOLTSCHKE,1469.31,5
99105,Akash SINGH,1469.21,3
63563,Saahas Kumar P.,1469.01,3
82570,Gurpartap Singh DHALIWAL,1468.44,3
85778,Ytharth MADAAN,1468.3,1
79943,Ricky CHENG,1467.83,4
79119,Harshal BHOYAR,1467.57,1
77842,Timothy LOCK,1467.46,2
63171,Puritat ARREE,1467.39,17
88007,"CHOK Ken Wei, Keane",1467.38,7
56882,"Darrell, Sen Xian CHEW",1467.34,2
75713,KING Kien Hwa,1467.17,6
46874,Suppanyu AVIHINGSANON,1466.99,66
75565,Korakrit LAOTRAKUL,1466.91,46
58639,LIN Kuan-Ting,1466.64,13
59702,Justin MA,1466.61,4
98331,Rüdiger GNEDT,1466.21,6
95439,Alap MISHRA,1466.12,40
94966,Nicky Yemin AUNG,1465.94,1
93857,LIM Chi Wing,1465.64,9
75575,Jia Wei Joel KOH,1465.09,25
59420,Victor SVENDSEN,1464.74,56
81924,Thu Thao NGUYEN,1464.52,4
39748,LIN Chia Hsuan,1464.16,2
88046,B.M.Rahul BHARADWAJ,1464.06,22
74008,Julien SCHEIWILLER,1463.68,2
55505,Alexander ROOVERS,1463.18,17
66079,MA Cheng-Yi,1463.11,13
72430,REN Cheng Ming,1462.92,4
90842,Sam PARSONS,1462.78,5
91280,Kazumasa SAKAI,1462.21,35
99294,Jeppe BRUUN,1462.17,9
95954,NG In Qin,1461.96,9
94838,Søren TOFT,1461.82,6
97243,Muhammad Reza AL FAJRI,1461.72,12
83938,Mads CHRISTOPHERSEN,1461.4,71
75607,Alejandro ALCALA,1461.38,2
93386,Michael SPENCER-SMITH,1461.06,6
64537,Johnathan AKIN-MULROONEY,1460.94,4
42776,SAI PRANEETH B.,1460.61,112
99580,Woraphop CHUENKHA,1460.6,2
75584,Zong Ruei LEE,1460.33,4
95734,Ivan PEJOSKI,1460.24,1
61916,Wolfgang GNEDT,1460.2,10
66768,Aditya Bapineedu GOPARAJU,1460.15,4
81692,Shantanu SHARMA,1460.02,4
62698,Aaron ZHAO,1460.02,4
76059,LI Xiang,1460.02,4
84666,Dhruv RAWAT,1459.76,2
86564,LEE Yu-Jui,1459.64,5
66193,Heng Lin NGAN,1459.62,6
48962,Adrian DZIOLKO,1459.41,2
57460,ABELA Matthew,1459.19,3
92720,Egor KURDYUKOV,1458.93,2
58754,Anthony JOE,1458.47,6
78948,Davi SILVA,1458.22,2
89309,YANG Yang,1458.2,16
14869,HU Yun,1458.02,12
77753,Dhruv NEGI,1457.64,2
60771,CHIA Jeng Hon,1457.61,2
63170,Harry HUANG,1457.38,15
62470,Henri AARNIO,1456.98,8
61666,Timothy CHIU,1456.92,2
86715,Birger ABTS,1456.74,4
78169,Yan Kit WONG,1456.69,2
95479,Luca ZHOU,1456.67,2
72542,Cham CHEN,1456.38,2
90215,Haoxuan XIA,1455.81,6
85224,Bruno CARVALHO,1455.61,2
87933,Jaromir JANACEK,1455.61,2
83985,Felix BURESTEDT,1455.47,35
70219,Hussein SHAHEED,1455.01,2
66496,Matvei MANUYLOV,1454.98,2
69306,Albin Carl HJELM,1454.57,2
74987,Luis Armando MONTOYA NAVARRO,1454.56,5
57567,Nyoman Tryadnya Arya KURNIAWAN,1454.28,2
87610,Mark Shelley ALCALA,1454.13,14
43200,Shivansh SHIVANSH,1454.09,2
97573,Armand RODRIGUEZ,1454.01,2
57562,Cristian SAVIN,1453.9,2
63069,Ryoma MURAMOTO,1453.82,14
55280,WONG Wing Ki Vincent,1453.77,47
92551,Thanh Dat BUI,1453.72,4
58000,Ferneel Hazael SOMPIE,1453.66,2
58024,Carlo Glenn REMO,1453.66,2
59127,YE Hao Kun,1453.66,2
59356,Thuan KIM,1453.66,2
68525,Gilang Abdillah IMADUDDIN,1453.66,2
69031,Rajat RATHORE,1453.66,2
73748,FANG Jiun Kai,1453.66,2
74175,Alexander BIANCHINI,1453.66,2
81895,Ilya GONCHAROV,1453.66,2
82702,Syahzlan Hazwan SALLEH,1453.66,2
87085,Hugo JARDIM,1453.66,2
58670,Harshit AGGARWAL,1453.26,11
60449,Vishal VASUDEVAN,1452.5,8
97445,TAN Mun Dick,1452.16,2
82683,Dylan SOEDJASA,1452.0,2
81170,Janagan JANA,1451.8,2
78491,Alexey PANOV,1451.7,2
61315,TEO Wei Jun,1451.29,4
90360,Victor ørding KAUFFMANN,1451.05,5
69985,Uma Maheshwar Reddy GOPIREDDY,1450.96,2
70161,Aditya Narayen ANANDA SWAMINATHAN,1450.91,2
18551,Yansong ZHAO,1450.83,2
96592,QIN Zheng,1450.77,2
93127,Artyom SAVATYUGIN,1450.66,2
84648,Eason WONG,1449.61,2
64666,Viren NETTASINGHE,1449.49,19
68845,Buwaneka GOONETHILLEKA,1449.32,2
91367,KHANDOKAR ABDUS Soad,1449.17,2
57382,Aaron Kai Bin KOK,1448.84,2
99801,Thomas FUCHS,1448.84,2
58197,Cesar Adonis BRITO GONZALEZ,1448.59,2
87787,Nachakorn PUSRI,1448.31,17
90927,John LI,1447.81,2
99772,K. Ajay Kumar,1447.79,4
81643,Rahul Yadav CHITTABOINA,1447.28,29
81348,Aneeth Kumar REPUDI,1445.63,4
96016,PAR Tien Ann,1445.56,7
93101,Job CASTILLO,1445.22,2
91254,LU Chia Hung,1444.36,54
99738,Siddhant SALAR,1444.22,6
64768,Tarun Reddy KATAM,1443.5,16
84184,Himanish DAS,1442.75,3
63145,YAP Juin An,1442.21,7
98118,Kari GUNNARSSON,1441.89,2
77163,Azmy QOWIMURAMADHONI,1441.88,3
62932,Raghu MARISWAMY,1441.86,32
64287,Antonio LI,1441.16,3
51682,Vladimir MALKOV,1440.46,30
68394,mehad SHAIKH,1440.31,2
60967,Subhankar DEY,1439.9,76
68473,Yi LIU,1439.71,9
77792,Jacob SCHUELER,1439.62,6
93882,HUAN Kai Hern,1439.62,18
65546,Mikolaj SZYMANOWSKI,1439.55,3
69345,LE Duc Phat,1439.5,27
99306,Siddharth JAKHAR,1439.44,6
90978,Prince DAHAL,1439.08,4
64001,LEE Samuel,1438.48,22
68727,Larry PONG,1438.27,10
71954,Pranay KATTA,1438.14,17
86470,Jonathan MATIAS,1438.07,17
73966,Samuel HSIAO,1436.35,18
61453,Eveshgaran VASIGARAN,1435.89,10
77143,Xiaodong SHENG,1435.05,70
20301,Artem POCHTAROV,1434.79,15
59955,Teerapat KLEAWAN,1434.71,3
81466,Dhruv KUMAR,1434.64,3
61970,Linden WANG,1434.46,3
76972,Jacob NILSSON,1434.45,13
83339,TING Wen Xuan,1434.26,3
88691,Muhammad Alif AHMAD FAIRUZLY,1434.01,3
74307,Erik Jr TIMMERMAN,1433.85,3
92542,LIM Chong King,1433.4,12
84263,Aram MAHMOUD,1433.24,5
73773,Andrew SUSANTO,1432.77,3
56402,Adrian GEORGE,1432.62,3
83385,Jackson YANG,1432.21,3
67100,HSU Jen Hao,1430.99,26
82961,Niccolo TAGLE,1430.88,3
80497,Vinson CHIU,1430.73,5
98838,Farogh Sanjay AMAN,1430.54,3
66821,Michael SU,1430.3,3
96955,Zhen Tsheng TAN,1430.03,3
20808,Kai SCHAEFER,1429.88,71
67753,Batdavaa MUNKHBAT,1429.74,3
93619,Rohan THOOL,1429.68,3
60652,Jonathan PERSSON,1429.15,5
72986,Koceila MAMMERI,1428.74,4
55573,Classius Chris BELANDRO,1428.56,3
57334,Bodhit JOSHI,1428.45,7
60218,Hannes GERBERICH,1426.6,7
89814,Siddhanth GUPTA,1426.12,22
51998,Matthias KICKLITZ,1426.07,8
14004,Niluka KARUNARATNE,1424.55,18
55942,Adriano VIALE,1423.34,5
87484,Somi ROMDHANI,1423.17,3
62933,Varun KAPUR,1422.89,13
86452,Hing Long WONG,1422.79,8
98896,Adel HAMEK,1422.54,9
64631,Duarte Nuno ANJO,1422.45,4
89890,Naren Shankar IYER,1421.4,9
57478,Jhonatan WU  ZHENG,1420.79,6
90321,Ze Xi SEAN NGU,1420.33,5
68290,Muhammad Naim AHMAD FAIRUZLY,1420.3,11
97703,NG Zin Rei Ryan,1419.93,4
96429,Ygor COELHO,1419.91,76
99595,Siddharth Pratap SINGH,1418.8,33
60427,Tobias KUENZI,1418.62,19
86104,Pit Seng LOW,1418.4,10
92024,SIE Zi Lok,1418.0,11
92689,Robert MANN,1417.67,8
60145,Garret TAN,1417.59,13
83122,Emil HOLST,1416.7,7
87811,Jason Christ ALEXANDER,1416.63,15
83357,TAN Kean Wei,1416.59,6
86887,Collins Valentine FILIMON,1416.17,18
58328,DANYLO BOSNIUK,1415.99,13
70870,Hein HTUT,1415.54,7
96545,Kim BRUUN,1415.05,41
78590,CHUA Kim Sheng,1414.49,19
82989,Dmitriy PANARIN,1414.25,21
67251,Elias BRACKE,1413.87,14
71670,Wongsup WONGSUP-IN,1413.85,12
97018,Rasindu HENDAHEWA,1413.82,24
82875,CHOO Kai Qing,1413.81,4
61880,Lakshay SHARMA,1413.57,4
95468,Shaurya GULLAIYA,1412.86,10
75539,Arunesh HARI,1412.29,6
14107,Tien Minh NGUYEN,1412.08,38
15286,Rosario MADDALONI,1412.08,10
26459,Nicholas BONKOWSKY,1411.3,4
14251,Pablo ABIAN,1411.21,60
86445,Bharath LATHEESH,1411.0,7
70693,Sam YUAN,1410.62,8
96339,Valentin SINGER,1410.53,8
87832,Seong Hyun SON,1409.17,8
58521,Dominik KWINTA,1408.63,4
59226,Raghvender RAGHVENDER,1407.69,4
59145,Hardik MAKKAR,1407.53,6
67447,Markus BARTH,1407.37,7
88298,Kevin BARKMAN,1407.22,7
75005,Siddharath THAKUR,1407.1,7
74579,Uriel Francisco CANJURA,1406.91,15
82093,AO Fei Long,1406.26,4
58628,Abhinav MANOTA,1406.06,11
61064,Kah Kit KAN,1405.35,7
80157,Anant Shivam JINDAL,1404.91,6
75537,Kavin Thangam KAVIN,1404.08,18
83243,Shreyansh JAISWAL,1403.52,21
46776,Howard SHU,1403.34,19
83597,Bernardo ATILANO,1403.31,6
75729,Oleksii TITOV,1402.14,8
66663,Joshua YANG,1402.04,6
58933,Farouk Mohammed HASSAN,1401.11,5
72695,Jingtong CHEN,1399.83,5
72555,Karan Rajan RAJARAJAN,1399.71,21
67795,Andre MARTEEN,1399.47,12
59967,Lai Yin CHUNG,1398.62,12
66356,Darshan PUJARI,1397.76,10
90111,Rohan MIDHA,1396.9,8
51531,Raul MUST,1396.56,14
85843,Nicholas RAJ,1396.29,5
61780,Chi Chon PUI,1396.09,6
99187,Mohamed  Abderrahime BELARBI,1395.78,7
69253,Giovanni TOTI,1394.82,12
93791,Jason Anthony HO-SHUE,1394.44,34
77315,Adulrach NAMKUL,1394.09,20
67185,Benedict CHEN,1394.03,5
68589,Daniel FAN,1392.99,8
82204,Zong Han LEE,1392.51,5
66694,Emre LALE,1391.62,7
59461,Jeffrey LAM,1391.53,5
38500,Thomas ROUXEL,1390.87,76
69537,LIU Wei Chi,1390.29,7
64794,Kartikey GULSHAN KUMAR,1389.49,50
70806,Pavel KOTSARENKO,1388.2,8
52953,Misha ZILBERMAN,1387.44,108
80369,Hemanth M.GOWDA,1386.64,17
99109,Takeru KAI,1385.86,6
69521,Keith Mark EDISON,1381.75,8
79662,Anuoluwapo Juwon OPEYORI,1379.16,7
95489,Abhishek YELIGAR,1378.96,27
61988,Aditya GUPTA,1377.73,6
98860,Pang Fong PUI,1377.21,21
63846,Youcef Sabri MEDEL,1377.1,7
81101,M ATEF Haikal Taufik,1375.51,13
83657,Chirag SEN,1372.73,45
83039,Gagan BALYAN,1370.29,8
96461,Lino MUNOZ,1369.93,11
11268,Mathew FOGARTY,1368.43,7
83999,Saket THAVANANI,1366.62,6
66321,Kantawat LEELAVECHABUTR,1365.26,10
67561,Micaiah Jien Zheng CHAI,1364.74,7
56990,Yue Hang WANG,1364.29,15
91381,Adam MENDREK,1364.2,10
83865,PHONE Pyae NAING,1363.71,15
95561,Mohamad Hafiz MOHAMED SIKKANDER,1363.68,12
93776,Abhyansh SINGH,1360.15,13
92114,Kiran Kumar MEKALA,1352.9,17
90973,KAN Chao Yu,1352.65,22
70753,TEH Jin Hong,1349.2,17
98222,Christian KIRCHMAYR,1347.78,10
88711,Enrico Keoni ASUNCION,1344.66,12
80787,Timothy LAM,1340.83,12
95385,Milan LUDIK,1337.95,12
87857,Dumindu ABEYWICKRAMA,1337.24,13
56274,Luka WRABER,1336.58,28
71221,Luís Enrique PEÑALVER,1336.27,56
56755,Gergely KRAUSZ,1334.42,13
60710,Shashwat DALAL,1332.17,13
72466,Adham Hatem ELGAMAL,1331.15,13
99239,Hin Shun WONG,1331.1,9
57594,Kevin Arokia WALTER,1329.22,11
94576,Ratchaphol SRITHONG,1322.14,13
68819,Milan DRATVA,1311.58,10
87691,Fabio CAPONIO,1310.13,16
64839,Georges Julien PAUL,1309.72,23
25625,Maxime MOREELS,1305.15,12
69529,Kai Chen TEOH,1304.26,15
95709,Raymond WEBSTER,1291.15,11
68050,Yehezkiel Fritz MAINAKY,1283.77,17
61819,B. R. Sankeerth,1277.67,27
76618,Henrikho Wibowo KHO,1274.99,15
74079,Kar Lung CHUN,1240.9,24
